<?xml version="1.0" encoding="UTF-8" standalone="yes"?>
<a:clrScheme xmlns:a="http://schemas.openxmlformats.org/drawingml/2006/main" name="ZDI-Farben"><a:dk1><a:srgbClr val="231F20"/></a:dk1><a:lt1><a:srgbClr val="FFFFFF"/></a:lt1><a:dk2><a:srgbClr val="27418E"/></a:dk2><a:lt2><a:srgbClr val="24B7EB"/></a:lt2><a:accent1><a:srgbClr val="009D95"/></a:accent1><a:accent2><a:srgbClr val="BECD30"/></a:accent2><a:accent3><a:srgbClr val="E27704"/></a:accent3><a:accent4><a:srgbClr val="FEEB18"/></a:accent4><a:accent5><a:srgbClr val="D33683"/></a:accent5><a:accent6><a:srgbClr val="FFB957"/></a:accent6><a:hlink><a:srgbClr val="D33683"/></a:hlink><a:folHlink><a:srgbClr val="24B7EB"/></a:folHlink></a:clrScheme>